{"HP":198.5759815971758,"LP":-197.65289419000942,"LHPL":14.25,"LLPL":16,"HPL":26.25,"LPL":47,"LHPG":14.541804123128088,"LLPG":-12.886265000684872,"RHPG":15.135850208234562,"RLPG":-6.123407876552341,"blink":74.5,"notBlink":725.6666666666666}