{"HP":214.0004185758705,"LP":-209.39923032875015,"LHPL":14.25,"LLPL":16,"HPL":27.5,"LPL":46.75,"LHPG":15.052018025530685,"LLPG":-13.46132307948489,"RHPG":15.795523082574912,"RLPG":-6.743394689147038,"blink":75,"notBlink":722}